{"cpu" :{"Address_Width":"32","Architecture":"0","Availability":"3","CPU_Status":"1","Current_Clock_Speed":"1833","Data_Width":"32","Description":"x86 Family 6 Model 14 Stepping 8","Device_ID":"CPU0","External_Clock":"166","Family":"185","L2_Cache_Size":"2048","L2_Cache_Speed":"","Level":"6","LoadPercentage":"20","Manufacturer":"GenuineIntel","Maximum_Clock_Speed":"1833","Name":"Genuine Intel(R) CPU           T2400  @ 1.83GHz","PNP_Device_ID":"","Processor_ID":"BFE9FBFF000006E8","Processor_Type":"3","Revision":"3592","Role":"CPU","Socket_Designation":"Microprocessor","Status_Information":"3","Stepping":"8","Unique_Id":"","Upgrade_Method":"6","Version":"Mod�le 14, niveau 8","Voltage_Caps":"2","Ventilateur":"OK","AddressIP":"","Temp_CPU":""} }
